company_name,company_url
株式会社リレーション,http://re-lation.co.jp/
サングローブ株式会社,https://www.sungrove.co.jp/
東建コーポレーション株式会社,http://www.token.co.jp/about_token/recruit/
株式会社鍵屋,https://www.kagisapo24.com/
湘南美容クリニック（株式会社湘美会/SBCメディカルグループ）,https://www.s-b-c.net/
東京ガスカスタマーサポート株式会社（東京ガスグループ）,http://tgcs.co.jp
サングローブ株式会社,https://www.sungrove.co.jp/
株式会社アワジス,http://www.awags.jp/
株式会社トライトキャリア,https://tryt-group.co.jp/
株式会社トライトキャリア,https://tryt-group.co.jp/
株式会社グッドワークコミュニケーションズ,http://www.goodworkcoms.co.jp
株式会社ジェイエイシーリクルートメント,https://corp.jac-recruitment.jp/
株式会社Earth Top Holdings,https://www.earthtop-hd.co.jp/
株式会社shabell,https://shabell.co.jp/
株式会社エバーアド,https://ever-ad.jp/
オンタイムデリバリージャパン株式会社,http://ondeli-japan.com
株式会社プレシャスパートナーズ,https://www.p-partners.co.jp/
株式会社ウィルオブ・ワーク（ウィルグループ）,https://willof-work.co.jp/
株式会社家づくり本舗,
TGオクトパスエナジー株式会社,https://octopusenergy.co.jp/
株式会社クロサワエンジニアリング,https://www.9630-engineering.jp
ピンゴルフジャパン株式会社,https://clubping.jp/
ユアサ電池サービス販売株式会社,
高津紙器株式会社,https://www.kozushiki.co.jp/
株式会社ボーダーリンク（レアジョブグループ）,https://www.borderlink.co.jp/index.html
株式会社企画/海,https://www.kikaku-umi.co.jp
三惠機械株式会社,http://www.sankei-mac.co.jp
株式会社アイ・ティ・エム・ケー,https://itmk.co.jp
Zenken株式会社,https://www.zenken.co.jp/
株式会社ウェルネスキャリアサポート,https://www.wcswmf.com/
株式会社ハホニコ,https://hahonico.com/
株式会社Second Game,https://www.secondgame.net/
株式会社ジョブイット,https://company.job-it.jp
株式会社ログラス,https://www.loglass.co.jp/
株式会社ヒューマン・ライジン,
株式会社ナムコミュニケーション,http://www.namujapan.com/
株式会社イノベーショントラスト,http://www.i-trust.co.jp/
シェアフル株式会社（パーソルグループ）,https://sharefull.com/
シェアフル株式会社（パーソルグループ）,https://sharefull.com/
データアナリティクスラボ株式会社,https://dalab.jp/
Simple株式会社,https://simples.co.jp/
spacemotion株式会社,https://spacemotion.co.jp
株式会社Zehitomo,https://www.zehitomo.com
株式会社ジョイカルジャパン,https://joycal.co.jp/
株式会社マネジメントパートナー,https://www.mg-p.co.jp/
株式会社Branding Worker,https://www.brandingworker.com/
岡部バルブ工業株式会社,https://www.okabe-valve.co.jp/
株式会社リニア,http://leenearcorp.com/
株式会社グローバルクリエイト,https://globalcreate.jp/
シェアフル株式会社（パーソルグループ）,https://sharefull.com/
合同会社VAMOS,https://vamos-ad.com/
サンウエストホーム株式会社,http://www.sunwesthome.co.jp/
株式会社HR CAREER,https://hr-career.jp/
株式会社W.H,https://w-h-corp.com
株式会社フェスコム,http://www.fescom.co.jp/
株式会社モリタ,https://japan.morita.com/
株式会社S-1,http://www.sss-1.co.jp/
株式会社クライシスインテリジェンス,http://crisis-int.co.jp/
株式会社あすか地所,https://asukajisho.co.jp
ともにあーる株式会社,https://tomonir.co.jp/
