page_url,page_title
http://amacbee.hatenablog.com/entry/2016/12/01/210436,scrapy-splashを使ってJavaScript利用ページを簡単スクレイピング
https://qiita.com/Azunyan1111/items/9b3d16428d2bcc7c9406,Python Webスクレイピング 実践入門
http://blog.takuros.net/entry/2016/12/05/082533,非エンジニアでも何とか出来るクローラー／Webスクレイピング術
https://qiita.com/hanaken_Nirvana/items/fc1505ede087d0119883,Scrapy&Twitter Streaming APIを使ったTweetのクローリング
https://qiita.com/checkpoint/items/0c8ad814c25e85bbcfa2,Scrapy入門（３）
https://qiita.com/rllllho/items/cb1187cec0fb17fc650a,クローラ作成に必須！XPATHの記法まとめ
https://qiita.com/massa142/items/a48e2deb09bca5407afd,tseを使って未投稿があるQiita Advent Calendarをさらす
https://qiita.com/hotu_ta/items/592f751044ed9219db97,Selenium Builderでスクレイピング/クローラー入門・実践
http://blog.mudatobunka.org/entry/2016/12/18/205833,Scrapy+AWS LambdaでWeb定点観測のイレギュラーに立ち向かう
https://qiita.com/TakesxiSximada/items/39b905ef628b22f963e4,Pythonのseleniumライブラリからphantomjsを使ったらzombieになった
http://anoninoni.hateblo.jp/entry/2016/12/12/020558,AWS上にサーバレスな汎用クローラを展開するぞ。
http://happyou-info.hatenablog.com/entry/2016/12/13/000000,中華人民共和国大使館のスクレイピング
https://qiita.com/Hassan/items/ca55b84a093dd6935c56,Twitter Streaming APIを使った【夢】のクローリング
http://blog.takuros.net/entry/2016/12/25/173900,Pythonクローラー本の決定版か！？　『Pythonクローリング&スクレイピング』
http://orangain.hatenablog.com/entry/duktape,PhantomJSとか使わずに簡単なJavaScriptを処理してスクレイピング
https://qiita.com/imunew/items/0786fd5c9255d4c9a18c,Scrapy Cloudでスクレイピングした成果物をS3にアップロードする
http://blog.takuros.net/entry/2016/12/12/022750,ServerLessで、Amazonのほしい物リストから安売り情報を通知するBotを作ったよ
https://qiita.com/yamitzky/items/44a3ea178c750f356b4a,mitmproxyを使ってどんなサイトでもクローリング・スクレイピングする
https://qiita.com/mpppk/items/5e8ac21274e9431afbbe,JavaScriptでブラウザを自動操作できるnightmarejsを使ってガストのクーポンを自動発行する
http://happyou-info.hatenablog.com/entry/2016/12/22/002439,やはり普及してはならないアンチスクレイピングサービス
http://blog.takuros.net/entry/2016/11/18/102815,「データを集める技術」という本を執筆しました
http://blog.takuros.net/entry/2016/10/24/080959,Amazonのほしい物リストをRSS化するAPIを作ってみた
http://shinyorke.hatenablog.com/entry/2016/12/25/172917,Pythonを用いたWebスクレイピングの開発ノウハウ〜スポーツデータの場合(野球風味)
